methode,taille,temps
brute,100,0.003300786018371582
brute,1k,0.3325467586517334
brute,10k,32.62481956481933
brute,100k,3616.462622618675
DPR,100,0.00040116310119628904
DPR,1k,0.009374618530273438
DPR,10k,0.1367269277572632
DPR,100k,1.8626819610595704
